1button,2020-06-17 12:07:47 +0200,2026-06-01 22:50:06 -0400
2047pp,2022-03-23 15:00:54 -0400,2026-06-01 22:50:06 -0400
2ofthemclk,2022-06-13 23:08:05 +0200,2026-06-01 22:50:06 -0400
3dclock,2023-05-03 19:30:53 +0200,2026-06-01 22:50:06 -0400
7x7dotsclock,2022-02-04 14:45:20 +0100,2026-06-01 22:50:06 -0400
8ball,2024-06-20 09:57:31 -0700,2026-06-01 22:50:06 -0400
90sclk,2022-03-23 18:12:38 +0100,2026-06-01 22:50:06 -0400
93dub,2021-11-27 11:33:19 -0800,2026-06-01 22:50:06 -0400
BLEcontroller,2020-05-17 17:50:07 +0100,2026-06-01 22:50:06 -0400
HRV,2020-12-21 10:48:30 +0000,2026-06-01 22:50:06 -0400
Tyreid,2023-09-07 22:36:18 +0100,2026-06-01 22:50:06 -0400
UI4swatch,2021-03-07 20:02:12 +0100,2026-06-01 22:50:06 -0400
Uke,2023-05-24 21:38:48 -0500,2026-02-12 09:50:31 -0500
a_clock_timer,2021-11-28 13:06:47 +0900,2026-06-01 22:50:06 -0400
a_dndtoggle,2022-09-16 12:12:45 +0200,2026-06-23 11:45:22 -0400
a_speech_timer,2021-12-01 15:00:58 +0900,2026-06-01 22:50:06 -0400
about,2020-02-12 14:45:31 +0000,2026-06-01 22:50:06 -0400
ac_ac,2022-01-11 16:29:19 +0100,2026-07-21 19:43:43 +0200
accelgraph,2022-01-13 09:21:33 +0000,2026-06-01 22:50:06 -0400
accellog,2021-02-03 10:06:00 +0000,2026-06-01 22:50:06 -0400
accelrec,2020-07-09 11:27:44 +0100,2026-06-01 22:50:06 -0400
accelsender,2024-05-19 16:51:14 +0200,2026-06-01 22:50:06 -0400
aclock,2019-11-17 23:26:12 +0100,2026-06-01 22:50:06 -0400
acmaze,2022-01-13 17:53:42 +0200,2026-06-01 22:50:06 -0400
activepedom,2020-04-13 12:53:38 +0200,2026-06-01 22:50:06 -0400
activityreminder,2022-04-05 16:27:16 +0200,2026-06-01 22:50:06 -0400
advcasio,2022-06-23 18:58:18 +0200,2026-06-23 11:45:22 -0400
agenda,2022-05-26 20:41:44 +0200,2026-06-23 11:45:22 -0400
agpsdata,2022-06-16 19:20:49 +0200,2026-02-12 09:50:31 -0500
ahrm,2026-01-28 21:35:15 +0100,2026-06-01 22:50:06 -0400
aiclock,2022-10-15 23:03:11 +0200,2026-06-01 22:50:06 -0400
airqualityci,2025-10-17 14:59:50 +0800,2026-06-01 22:50:06 -0400
alarm,2020-02-12 10:48:14 +0000,2026-06-18 00:33:06 +0200
alarmqm,2023-01-18 14:16:28 +0100,2026-06-01 22:50:06 -0400
alpinenav,2021-01-18 20:48:33 +0000,2026-06-01 22:50:06 -0400
altimeter,2022-04-06 15:09:41 +0100,2026-06-01 22:50:06 -0400
alyxclock,2023-06-25 16:12:13 +0200,2026-06-01 22:50:06 -0400
analogimgclk,2020-06-04 10:21:02 +0100,2026-06-01 22:50:06 -0400
analogquadclk,2024-04-19 15:28:51 +0100,2026-06-01 22:50:06 -0400
andark,2021-12-19 13:10:49 +0100,2026-06-01 22:50:06 -0400
android,2021-11-04 17:16:02 +0000,2026-06-16 11:53:22 +0100
angles,2024-01-22 15:30:17 +0000,2026-06-20 11:17:20 +0200
animals,2019-11-17 23:26:12 +0100,2026-06-01 22:50:06 -0400
animclk,2020-05-28 14:36:54 +0100,2026-06-01 22:50:06 -0400
antonclk,2021-09-23 11:42:58 +0100,2026-06-01 22:50:06 -0400
antonclkplus,2022-10-28 14:48:39 +0100,2026-06-01 22:50:06 -0400
apphist,2025-12-20 19:33:22 +0100,2026-06-23 11:45:22 -0400
approxclock,2023-11-01 01:59:56 -0400,2026-06-01 22:50:06 -0400
aptsciclk,2021-12-19 23:11:25 -0800,2026-06-01 22:50:06 -0400
arrow,2021-02-23 23:54:52 +0000,2026-06-23 11:45:22 -0400
ashadyclock,2024-06-29 17:39:46 +0200,2026-06-01 22:50:06 -0400
assistedgps,2020-09-23 11:18:20 +0100,2026-06-01 22:50:06 -0400
astral,2021-01-13 14:50:58 +0000,2026-06-01 22:50:06 -0400
astrocalc,2020-04-01 21:14:34 +0100,2026-06-01 22:50:06 -0400
astroid,2019-11-17 23:26:12 +0100,2026-06-01 22:50:06 -0400
ateatimer,2024-12-09 23:56:33 +0100,2026-08-13 22:05:49 +0200
authentiwatch,2021-10-29 21:37:38 +0800,2026-06-01 22:50:06 -0400
autoreset,2024-02-28 20:52:46 +0100,2025-09-13 08:25:17 +0100
aviatorclk,2023-11-28 17:46:29 +0800,2026-06-01 22:50:06 -0400
avwx,2023-11-28 17:46:29 +0800,2026-02-12 09:50:31 -0500
awairmonitor,2021-12-10 23:33:47 +0900,2026-06-01 22:50:06 -0400
backlite,2025-07-10 16:53:53 -0400,2026-02-15 17:50:27 -0500
backswipe,2023-01-20 08:32:08 +0100,2026-02-12 09:50:31 -0500
backswipeedge,2026-02-06 16:26:17 +0100,2026-02-10 21:58:22 +0100
bad,2023-12-08 21:19:41 +0100,2026-06-01 22:50:06 -0400
ballmaze,2020-04-26 03:29:45 +0200,2026-02-12 09:50:31 -0500
balltastic,2020-04-02 19:56:44 +0200,2026-06-01 22:50:06 -0400
banglebridge,2021-07-27 10:22:41 +0100,2026-06-01 22:50:06 -0400
banglexercise,2022-01-10 16:10:42 +0100,2026-06-01 22:50:06 -0400
barclock,2020-03-30 21:34:44 +0200,2026-06-01 22:50:06 -0400
barcode,2022-03-29 09:02:07 +0200,2026-06-01 22:50:06 -0400
barometer,2022-02-05 17:55:09 +0100,2026-06-23 11:45:22 -0400
barwatch,2022-11-07 20:04:41 +0100,2026-06-01 22:50:06 -0400
batchart,2020-04-08 22:28:24 +0200,2026-06-23 11:45:22 -0400
batclock,2021-04-17 19:55:07 +0530,2026-02-12 09:50:31 -0500
batterybooster,2025-01-22 12:26:22 +0000,2026-06-01 22:50:06 -0400
battleship,2020-07-01 00:03:29 +0200,2026-06-01 22:50:06 -0400
bblobface,2023-08-27 11:35:03 -0400,2026-06-01 22:50:06 -0400
bbreaker,2025-07-03 14:06:36 +0200,2026-06-23 11:45:22 -0400
bclock,2019-11-17 23:26:12 +0100,2026-06-01 22:50:06 -0400
bee,2022-04-02 15:59:39 -0400,2026-06-01 22:50:06 -0400
beebclock,2020-05-05 14:15:13 +0100,2026-06-01 22:50:06 -0400
beeptest,2024-07-13 18:38:57 +1200,2025-09-13 08:25:17 +0100
beer,2019-11-17 23:26:12 +0100,2026-06-01 22:50:06 -0400
berlinc,2019-12-09 22:06:47 +0100,2026-06-01 22:50:06 -0400
bigclkinfo,2025-12-09 23:40:55 +0100,2025-12-17 00:35:02 +0100
bigdclock,2022-06-05 17:56:06 +0100,2026-02-12 09:50:31 -0500
bikespeedo,2022-03-16 15:52:10 +0100,2026-06-01 22:50:06 -0400
binaryclk,2023-12-08 11:05:57 -0500,2026-06-01 22:50:06 -0400
binclock,2020-05-24 21:27:04 +0100,2026-06-01 22:50:06 -0400
binwatch,2021-11-19 10:53:22 +0000,2026-06-01 22:50:06 -0400
blackjack,2020-04-18 21:22:04 +0300,2026-06-01 22:50:06 -0400
blc,2024-08-24 17:54:26 +0200,2026-06-01 22:50:06 -0400
blecsc,2024-05-17 16:00:31 +0100,2026-06-01 22:50:06 -0400
bledetect,2020-04-10 19:20:49 +0200,2026-06-01 22:50:06 -0400
blescan,2019-11-17 23:26:12 +0100,2026-06-01 22:50:06 -0400
blescanner,2023-02-23 12:00:33 +0000,2026-06-01 22:50:06 -0400
blobclk,2019-11-17 23:26:12 +0100,2026-06-01 22:50:06 -0400
blockclock,2025-11-28 22:36:42 +0000,2026-06-23 11:45:22 -0400
bluetoothdock,2020-11-17 12:31:56 +0000,2026-06-01 22:50:06 -0400
bluewatch,2026-05-30 22:56:04 -0400,2026-08-17 23:04:44 -0400
bmoface,2025-10-18 16:57:59 -0500,2026-06-01 22:50:06 -0400
boldclk,2020-01-03 16:18:44 +0900,2026-06-01 22:50:06 -0400
boot,2019-11-17 23:26:12 +0100,2026-06-01 22:50:06 -0400
bootbthomebatt,2024-06-26 18:01:18 +0100,2026-06-01 22:50:06 -0400
bootgattbat,2020-08-18 11:29:15 +0100,2026-06-01 22:50:06 -0400
bootgatthrm,2023-06-08 20:50:56 +0200,2026-06-01 22:50:06 -0400
bordle,2022-03-16 11:23:16 -0400,2026-06-01 22:50:06 -0400
bowserWF,2022-02-12 18:22:03 +0100,2026-06-01 22:50:06 -0400
boxclk,2023-06-15 21:11:39 -0500,2026-06-15 16:04:15 -0500
bradbury,2022-04-25 17:34:25 -0700,2026-06-01 22:50:06 -0400
breath,2021-01-08 16:34:50 +0000,2026-06-01 22:50:06 -0400
btadv,2023-01-13 22:06:02 +0000,2026-01-12 20:55:01 +0000
bthome,2024-02-06 16:15:19 +0000,2026-06-01 22:50:06 -0400
bthometemp,2022-12-14 10:23:36 +0000,2026-06-01 22:50:06 -0400
bthrm,2021-10-21 13:42:46 +0100,2026-06-01 22:50:06 -0400
bthrmlite,2023-04-24 10:42:16 +0100,2026-06-01 22:50:06 -0400
bthrv,2022-02-01 19:34:41 +0100,2026-02-12 09:50:31 -0500
btmultimeter,2022-04-25 11:45:06 +0100,2026-06-01 22:50:06 -0400
bttfclock,2024-11-06 12:58:53 +0100,2026-08-16 19:27:22 +0200
buffgym,2020-04-20 15:00:06 +0100,2026-06-01 22:50:06 -0400
burn,2024-06-07 12:58:15 -0700,2026-06-01 22:50:06 -0400
bwclk,2022-03-25 17:22:39 +0100,2026-06-01 22:50:06 -0400
bwclklite,2023-02-25 18:43:59 +0100,2025-09-13 08:25:17 +0100
c25k,2024-02-21 20:45:50 +0000,2026-06-23 21:39:31 +0200
calclock,2022-08-07 23:32:16 +0200,2026-06-01 22:50:06 -0400
calculator,2020-04-13 03:10:18 +0100,2026-06-01 22:50:06 -0400
calendar,2020-04-29 00:12:06 +0200,2026-06-23 11:45:22 -0400
calibration,2022-05-11 11:09:34 +0200,2026-06-01 22:50:06 -0400
calories,2026-01-23 19:10:13 -0500,2026-07-29 15:52:00 -0400
carcrazy,2021-08-22 13:45:00 -0700,2026-06-01 22:50:06 -0400
cards,2023-08-15 14:44:21 +0200,2026-06-23 11:45:22 -0400
cassioWatch,2022-06-05 11:05:40 -0400,2026-06-01 22:50:06 -0400
cc_abstract,2025-03-17 09:25:29 +0100,2026-06-01 22:50:06 -0400
cc_astro,2025-03-31 07:57:29 +0200,2026-06-01 22:50:06 -0400
cc_clock24,2024-12-29 14:18:13 +0100,2026-06-01 22:50:06 -0400
chance,2023-03-11 14:58:26 -0600,2026-06-01 22:50:06 -0400
chargeanim,2020-10-22 17:02:35 +0100,2026-06-01 22:50:06 -0400
chargent,2023-01-16 15:50:15 +0100,2026-06-23 11:45:22 -0400
chargerot,2023-05-25 09:09:11 +0200,2026-06-01 22:50:06 -0400
chess,2023-07-02 23:00:43 +0200,2025-09-13 08:25:17 +0100
chimer,2022-08-23 08:49:10 +1200,2026-06-23 11:45:22 -0400
choozi,2021-09-14 11:18:29 +0100,2026-06-01 22:50:06 -0400
chronlog,2024-01-15 00:02:22 +0100,2026-01-07 14:51:06 +0100
chrono,2020-04-01 15:40:43 +0200,2026-06-01 22:50:06 -0400
chronowid,2020-04-16 10:06:44 +0200,2026-06-01 22:50:06 -0400
circlesclock,2021-12-16 08:06:53 +0100,2026-06-01 22:50:06 -0400
clickms,2019-11-17 23:26:12 +0100,2026-06-01 22:50:06 -0400
cliclockJS2Enhanced,2020-03-27 12:19:26 +0100,2026-06-01 22:50:06 -0400
clicompleteclk,2021-12-09 13:29:17 +0100,2026-06-01 22:50:06 -0400
cliock,2020-03-27 12:19:26 +0100,2026-06-01 22:50:06 -0400
clkinfo_cw,2026-04-19 16:46:14 +0200,2026-04-20 18:13:29 +0200
clkinfocal,2022-12-09 13:14:02 +0000,2026-06-01 22:50:06 -0400
clkinfoclk,2023-11-24 16:46:22 +0000,2026-06-01 22:50:06 -0400
clkinfodice,2025-10-13 11:54:10 +0100,2025-10-13 11:55:58 +0100
clkinfodist,2025-07-22 14:52:14 +0100,2026-06-01 22:50:06 -0400
clkinfofw,2022-12-11 17:25:38 +0000,2026-06-23 11:45:22 -0400
clkinfogps,2023-04-22 00:51:30 +0100,2026-06-23 11:45:22 -0400
clkinfogpsspeed,2024-05-17 16:33:40 +0100,2026-06-01 22:50:06 -0400
clkinfom,2023-05-05 19:14:54 +0100,2026-06-23 11:45:22 -0400
clkinfomag,2023-05-11 10:28:33 +0100,2026-06-01 22:50:06 -0400
clkinfomsg,2024-09-21 00:09:09 +0200,2026-06-01 22:50:06 -0400
clkinfosec,2024-04-19 15:30:44 +0100,2026-06-01 22:50:06 -0400
clkinfostopw,2022-12-29 19:24:04 +0000,2025-09-13 08:25:17 +0100
clkinfosunrise,2022-11-21 16:37:04 +0000,2026-06-01 22:50:06 -0400
clkshortcuts,2025-02-07 21:52:01 +0000,2026-06-01 22:50:06 -0400
clock2x3,2020-03-06 17:09:45 +0100,2026-06-01 22:50:06 -0400
clock_info,2023-01-27 13:33:46 +0000,2026-06-01 22:50:06 -0400
clockbg,2024-04-04 12:56:26 +0100,2026-06-03 14:42:12 +0100
clockcal,2022-03-05 09:24:59 +0100,2026-06-01 22:50:06 -0400
clockinfolist,2025-10-17 13:23:08 +0800,2026-06-01 22:50:06 -0400
clockswitch,2023-09-22 21:22:03 +0200,2026-06-01 22:50:06 -0400
clotris,2019-11-17 23:26:12 +0100,2026-06-01 22:50:06 -0400
cogclock,2022-04-12 00:16:09 +0200,2026-06-01 22:50:06 -0400
coin_info,2025-02-22 22:45:51 +0100,2026-06-01 22:50:06 -0400
color_catalog,2021-03-07 20:02:12 +0100,2026-06-01 22:50:06 -0400
colorful_clock,2021-12-29 07:04:25 +0100,2026-06-01 22:50:06 -0400
colorwheel,2021-12-25 07:31:01 +0100,2026-06-01 22:50:06 -0400
coloursdemo,2023-11-28 17:51:20 +0800,2026-06-01 22:50:06 -0400
compass,2019-11-17 23:26:12 +0100,2026-06-01 22:50:06 -0400
configurable_clock,2022-01-06 06:33:17 +0100,2026-06-01 22:50:06 -0400
confthyttan,2025-02-03 09:59:02 +0100,2026-06-03 00:45:25 +0200
contacts,2023-11-03 15:03:43 +0100,2026-06-01 22:50:06 -0400
contourclock,2021-12-18 09:57:17 +0100,2026-06-01 22:50:06 -0400
coretemp,2021-12-13 16:00:56 +0000,2026-06-01 22:50:06 -0400
countdown,2026-05-10 19:37:55 +0200,2026-05-10 19:37:55 +0200
countdowntimer,2021-02-21 11:22:04 +0200,2026-06-01 22:50:06 -0400
counter,2020-06-26 23:57:47 +0200,2026-06-01 22:50:06 -0400
counter2,2024-03-22 06:24:39 +0100,2026-06-01 22:50:06 -0400
cprassist,2020-06-26 22:56:54 +0200,2026-06-01 22:50:06 -0400
crowclk,2022-01-14 11:52:41 -0500,2026-06-23 11:45:22 -0400
crsclock,2025-06-11 17:02:52 +0200,2026-06-01 22:50:06 -0400
cryptoticker,2026-02-24 15:31:05 +0000,2026-02-24 18:57:29 +0000
cscsensor,2020-09-08 17:46:03 -0400,2026-06-01 22:50:06 -0400
ctrclk,2020-01-08 11:33:35 +0000,2026-06-01 22:50:06 -0400
ctrlpad,2024-04-24 18:18:00 +0100,2025-09-13 08:25:17 +0100
cubescramble,2021-11-18 13:14:45 +0000,2026-06-01 22:50:06 -0400
custom,2020-04-08 15:26:38 +0200,2026-06-01 22:50:06 -0400
cutelauncher,2025-01-22 12:49:22 +0000,2026-06-01 22:50:06 -0400
cycling,2020-09-08 17:35:08 -0400,2026-06-01 22:50:06 -0400
dailycolorclk,2025-10-15 19:38:22 -0400,2026-07-27 13:46:16 -0400
daisy,2022-02-21 22:38:47 +0000,2026-06-23 11:45:22 -0400
dane,2020-04-15 14:00:01 +0200,2026-06-01 22:50:06 -0400
dane_tcr,2020-12-04 10:59:26 +0100,2026-06-01 22:50:06 -0400
datetime_picker,2024-04-28 22:59:53 -0400,2026-06-01 22:50:06 -0400
daymoon,2025-02-09 22:30:13 -0500,2026-06-01 22:50:06 -0400
daysl,2020-03-31 23:16:36 +0200,2026-06-01 22:50:06 -0400
dclock,2020-03-27 23:53:38 +0000,2026-06-01 22:50:06 -0400
de-stress,2021-01-20 15:51:56 -0500,2026-06-01 22:50:06 -0400
dedreckon,2024-07-24 22:13:43 +0200,2026-06-01 22:50:06 -0400
dejivaisu,2025-03-09 23:56:04 +0100,2026-06-23 11:45:22 -0400
deko,2022-09-18 16:20:48 +0100,2026-06-23 11:45:22 -0400
delaylock,2024-06-30 18:03:54 +0200,2025-09-13 08:25:17 +0100
demoapp,2020-01-30 17:05:53 +0000,2026-06-01 22:50:06 -0400
denseclock,2025-01-25 18:21:45 +1100,2026-06-01 22:50:06 -0400
devstopwatch,2020-04-09 18:39:40 +0200,2026-06-01 22:50:06 -0400
diceroll,2022-05-14 10:05:42 +0200,2026-06-01 22:50:06 -0400
digiclock,2020-09-24 13:23:32 -0400,2026-06-01 22:50:06 -0400
dinoClock,2022-05-08 09:41:30 +0200,2026-06-01 22:50:06 -0400
diract,2021-12-21 22:08:05 -0500,2026-06-01 22:50:06 -0400
distortclk,2022-09-06 15:11:19 -0500,2026-06-01 22:50:06 -0400
doomguy,2025-10-20 18:39:53 -0500,2026-06-01 22:50:06 -0400
dotclock,2020-04-04 03:12:26 +0900,2026-06-01 22:50:06 -0400
dotmatrixclock,2020-05-02 21:43:16 +0100,2026-06-01 22:50:06 -0400
doztime,2021-05-10 21:55:00 -0400,2026-06-01 22:50:06 -0400
dragboard,2022-04-14 22:35:38 +0200,2025-09-13 08:25:17 +0100
draguboard,2023-03-04 12:35:13 -0500,2026-06-01 22:50:06 -0400
drained,2023-04-07 17:52:54 +0100,2026-05-12 16:43:31 +0100
drinkcounter,2022-07-07 13:08:59 +0200,2026-06-23 11:45:22 -0400
dsdrelay,2020-10-14 21:23:37 -0400,2026-06-01 22:50:06 -0400
dsky_clock,2024-12-22 18:46:31 -0500,2026-02-12 09:50:31 -0500
dtlaunch,2020-12-28 10:51:40 +0000,2026-06-01 22:50:06 -0400
dutchclock,2024-09-03 00:41:50 +0200,2026-06-01 22:50:06 -0400
dvdbounce,2022-06-17 21:58:14 +0200,2026-02-12 09:50:31 -0500
dwm-clock,2023-11-20 12:51:08 +0000,2026-06-01 22:50:06 -0400
edgeclk,2023-08-11 12:46:34 +0200,2026-06-01 22:50:06 -0400
edisonsball,2020-12-31 23:25:22 +0000,2026-06-01 22:50:06 -0400
elapsed_t,2024-03-23 16:56:11 +0100,2026-02-12 09:50:31 -0500
eliteclock,2025-07-27 09:37:33 +0200,2026-06-01 22:50:06 -0400
emojuino,2021-11-16 08:05:41 -0500,2026-02-12 09:50:31 -0500
encourageclk,2023-03-28 11:40:08 -0500,2026-06-01 22:50:06 -0400
entonclk,2022-11-03 17:51:49 +0000,2026-06-23 11:45:22 -0400
espruinoctrl,2020-06-24 09:55:28 +0100,2026-06-01 22:50:06 -0400
espruinoprog,2022-07-19 17:13:01 +0100,2026-06-01 22:50:06 -0400
espruinoterm,2022-07-19 12:19:40 +0100,2026-06-01 22:50:06 -0400
exactwords,2024-09-28 23:25:56 +0100,2026-02-14 15:58:18 -0600
f3bluemoon,2026-02-15 21:58:31 -0800,2026-02-15 21:58:31 -0800
f3wdgttune,2026-03-23 15:32:22 -0700,2026-03-23 15:32:22 -0700
f9lander,2022-05-16 13:50:25 -0400,2026-06-01 22:50:06 -0400
factclock,2024-10-09 14:51:49 +0100,2026-06-01 22:50:06 -0400
fallout_clock,2024-02-23 11:27:09 -0600,2026-06-01 22:50:06 -0400
fastload,2022-10-29 14:17:40 +0200,2026-06-04 00:33:54 +0200
fastreset,2023-04-07 16:38:53 +0200,2025-09-13 08:25:17 +0100
fclock,2021-03-29 19:49:19 +0200,2026-06-01 22:50:06 -0400
fd6fdetect,2021-06-07 13:02:11 -0500,2026-06-01 22:50:06 -0400
ffcniftya,2021-10-15 23:57:29 +0100,2026-06-23 11:45:22 -0400
ffcniftyapp,2024-07-02 16:43:26 +0200,2026-06-01 22:50:06 -0400
ffcniftyb,2021-10-22 23:29:49 +0100,2026-06-23 11:45:22 -0400
fileman,2020-09-29 17:41:56 -0400,2026-06-01 22:50:06 -0400
files,2019-11-17 23:26:12 +0100,2026-06-01 22:50:06 -0400
findphone,2020-05-07 16:33:11 +0200,2026-06-01 22:50:06 -0400
flagrse,2020-02-05 10:28:23 +0000,2026-06-01 22:50:06 -0400
flappy,2019-12-03 17:07:26 +0000,2026-06-01 22:50:06 -0400
flashcards,2023-07-07 19:51:40 +0300,2026-06-23 11:45:22 -0400
flashcount,2023-10-04 11:40:49 +0100,2026-06-01 22:50:06 -0400
flightdash,2023-11-28 17:54:28 +0800,2026-06-01 22:50:06 -0400
flipper,2022-01-05 21:27:21 +0000,2026-06-23 11:45:22 -0400
floralclk,2021-10-07 11:09:41 +0100,2026-06-01 22:50:06 -0400
flow,2021-12-03 22:32:04 +0200,2026-06-01 22:50:06 -0400
flux,2025-08-06 00:03:32 +0200,2026-06-01 22:50:06 -0400
folderlaunch,2023-05-12 15:52:45 -0700,2025-09-13 08:25:17 +0100
followtherecipe,2024-01-02 20:00:40 +0100,2026-06-01 22:50:06 -0400
fontall,2024-03-15 16:15:33 +0000,2026-06-01 22:50:06 -0400
fontclock,2021-05-22 00:38:30 +0100,2026-06-23 11:45:22 -0400
fontext,2024-03-15 16:15:33 +0000,2026-06-01 22:50:06 -0400
fontkorean,2024-04-17 04:01:02 -0400,2026-06-01 22:50:06 -0400
football,2022-06-04 14:02:05 +0200,2026-06-01 22:50:06 -0400
forge,2023-10-12 22:01:53 +0200,2026-06-01 22:50:06 -0400
ftclock,2021-12-21 01:01:10 +0200,2026-06-01 22:50:06 -0400
fuzzyw,2022-03-31 10:17:05 +0100,2026-06-01 22:50:06 -0400
fwupdate,2021-10-20 08:50:51 +0100,2026-06-01 22:50:06 -0400
gallery,2022-11-02 12:06:17 -0700,2026-06-01 22:50:06 -0400
gallifr,2020-05-10 21:17:32 +0100,2026-06-01 22:50:06 -0400
game1024,2022-03-15 21:24:45 +0100,2026-06-01 22:50:06 -0400
gassist,2023-06-29 08:43:45 -0500,2026-06-01 22:50:06 -0400
gbdebug,2021-12-03 09:15:37 +0000,2026-06-01 22:50:06 -0400
gbdiscon,2024-09-10 17:31:19 +0200,2025-09-13 08:25:17 +0100
gbmediaremote,2026-07-24 12:47:57 -0500,2026-07-24 12:47:57 -0500
gbmusic,2021-03-14 22:28:44 +0100,2026-06-01 22:50:06 -0400
gbridge,2019-12-05 14:48:36 +0000,2026-06-01 22:50:06 -0400
gbtwist,2021-05-28 00:50:30 +0200,2026-06-01 22:50:06 -0400
geissclk,2021-02-17 16:46:58 +0000,2026-06-01 22:50:06 -0400
geminiclock,2022-12-26 11:41:59 +0000,2026-06-01 22:50:06 -0400
gesture,2019-11-17 23:26:12 +0100,2026-06-01 22:50:06 -0400
getaddr,2025-02-25 15:04:30 +0100,2026-06-01 22:50:06 -0400
getup,2020-05-07 19:13:41 +0200,2026-06-01 22:50:06 -0400
gipy,2022-07-11 16:51:03 +0200,2026-06-01 22:50:06 -0400
glbasic,2022-03-21 21:38:29 +0100,2026-06-01 22:50:06 -0400
gmeter,2020-12-03 15:19:24 +0000,2026-06-01 22:50:06 -0400
golf-gps,2024-06-20 11:36:44 -0400,2026-06-01 22:50:06 -0400
golfscore,2021-12-11 12:13:50 +0200,2026-06-01 22:50:06 -0400
golfview,2022-04-02 22:23:48 -0700,2026-02-12 09:50:31 -0500
goofster,2026-04-15 21:06:32 +0800,2026-04-15 23:04:23 +0800
gpsautotime,2020-06-22 20:48:08 +0200,2025-09-13 08:25:17 +0100
gpsinfo,2019-11-17 23:26:12 +0100,2026-06-01 22:50:06 -0400
gpsmagcourse,2023-02-19 11:52:58 +0100,2025-09-13 08:25:17 +0100
gpsnav,2020-04-18 14:38:32 +0100,2026-06-01 22:50:06 -0400
gpspoilog,2020-06-11 13:37:55 +0100,2026-06-01 22:50:06 -0400
gpsrec,2020-02-07 17:16:45 +0000,2026-06-01 22:50:06 -0400
gpssetup,2021-02-09 12:52:44 +0000,2026-06-23 11:45:22 -0400
gpstime,2019-11-17 23:26:12 +0100,2026-06-01 22:50:06 -0400
gpstimeserver,2020-11-16 09:18:49 +0000,2026-06-01 22:50:06 -0400
gpstouch,2021-10-23 20:25:35 +0100,2026-06-23 11:45:22 -0400
gpstrek,2022-09-21 21:33:14 +0200,2026-06-01 22:50:06 -0400
grandfatherclock,2025-02-09 23:47:36 +1100,2026-06-01 22:50:06 -0400
gridlaunch,2026-08-30 16:36:12 -0400,2026-08-30 17:29:16 -0400
grocery,2020-03-27 20:00:37 +0000,2026-06-01 22:50:06 -0400
groceryaug,2022-10-27 01:15:40 +0200,2026-06-01 22:50:06 -0400
gsat,2022-03-24 20:19:24 -0500,2026-06-01 22:50:06 -0400
guitar,2023-05-26 00:15:42 -0500,2026-06-01 22:50:06 -0400
guitarsongs,2023-07-08 11:58:21 +0200,2026-06-01 22:50:06 -0400
ha,2022-06-20 13:36:49 +0200,2026-06-01 22:50:06 -0400
hadash,2024-01-13 14:12:01 +0800,2026-06-01 22:50:06 -0400
hamloc,2020-04-20 16:40:26 +0200,2026-06-01 22:50:06 -0400
happyclk,2023-01-29 15:55:49 +0100,2026-02-12 09:50:31 -0500
hardalarm,2020-12-25 21:41:09 +0800,2026-06-01 22:50:06 -0400
harvester,2026-03-04 10:49:31 -0600,2026-08-15 17:13:28 -0500
hasensors,2023-02-12 19:17:16 +0100,2026-06-01 22:50:06 -0400
hassio,2024-03-09 15:58:00 +1100,2026-06-01 22:50:06 -0400
hcclock,2021-07-21 14:09:40 +0200,2026-06-01 22:50:06 -0400
health,2021-10-14 17:14:10 +0100,2026-07-30 08:44:55 +0100
heart,2020-03-09 13:24:38 +0100,2026-06-01 22:50:06 -0400
heartzone,2022-04-18 04:32:13 -0400,2026-02-12 09:50:31 -0500
heatsuite,2025-04-25 10:57:17 +0800,2026-06-01 22:50:06 -0400
hebrew_calendar,2021-12-03 18:14:30 +0200,2026-05-30 17:45:45 +0000
helloworld,2021-02-21 14:52:04 +0100,2026-06-01 22:50:06 -0400
henkinen,2022-10-19 13:37:42 +0300,2026-06-01 22:50:06 -0400
hidbkbd,2019-11-17 23:26:12 +0100,2026-06-01 22:50:06 -0400
hidcam,2020-04-17 16:55:35 +0200,2026-06-01 22:50:06 -0400
hidjoystick,2020-04-27 23:22:53 +0200,2025-09-13 08:25:17 +0100
hidkbd,2019-11-17 23:26:12 +0100,2026-06-01 22:50:06 -0400
hidmouse,2025-10-09 12:32:51 +0100,2025-10-17 12:09:12 +0100
hidmsic,2019-11-17 23:26:12 +0100,2026-06-01 22:50:06 -0400
hidmsicswipe,2021-11-20 01:57:39 +0000,2026-06-01 22:50:06 -0400
homework,2022-05-15 10:11:56 +0200,2026-06-01 22:50:06 -0400
horsey,2019-11-17 23:26:12 +0100,2026-06-01 22:50:06 -0400
hourstrike,2021-03-28 22:34:25 -0400,2026-06-23 11:45:22 -0400
hralarm,2022-01-10 20:27:40 +0100,2026-06-01 22:50:06 -0400
hrings,2019-11-17 23:26:12 +0100,2026-06-01 22:50:06 -0400
hrm,2019-11-17 23:26:12 +0100,2026-08-03 14:25:56 +0100
hrmaccevents,2022-01-20 18:33:48 +0100,2026-06-01 22:50:06 -0400
hrmmar,2022-11-27 19:05:40 +0100,2025-09-13 08:25:17 +0100
hrrawexp,2021-01-05 22:53:16 +0000,2026-06-01 22:50:06 -0400
hwid_a_battery_widget,2022-06-11 15:23:47 +0200,2026-06-23 11:45:22 -0400
hworldclock,2022-06-11 15:16:18 +0200,2026-06-23 11:45:22 -0400
iconbits,2024-07-13 12:45:53 +0200,2026-06-01 22:50:06 -0400
iconlaunch,2022-05-24 10:18:26 +1000,2026-07-30 14:38:57 -0400
icons,2024-02-06 15:57:55 +0000,2026-06-01 22:50:06 -0400
imageclock,2022-02-19 02:34:37 +0100,2026-06-01 22:50:06 -0400
imc,2025-08-20 10:43:54 -0700,2026-06-01 22:50:06 -0400
imgclock,2020-05-06 11:03:04 +0100,2026-06-01 22:50:06 -0400
impwclock,2020-04-25 12:11:07 +0200,2026-06-23 11:45:22 -0400
info,2022-02-16 19:57:22 +0100,2026-06-01 22:50:06 -0400
infoclk,2022-11-02 12:06:17 -0700,2026-06-01 22:50:06 -0400
inspire,2023-01-13 03:29:37 +0100,2026-02-12 09:50:31 -0500
intclock,2022-02-23 12:10:14 +0000,2026-06-01 22:50:06 -0400
intentional,2026-03-08 16:26:09 -0400,2026-06-13 13:50:55 -0400
intervalTimer,2021-11-26 12:35:35 -0500,2026-06-23 11:45:22 -0400
intervals,2021-01-27 17:29:11 +0100,2026-06-01 22:50:06 -0400
invader,2022-05-27 11:28:06 -0800,2026-06-01 22:50:06 -0400
ios,2021-11-04 17:16:02 +0000,2026-06-23 10:35:50 -0400
isoclock,2020-11-14 09:48:37 -0800,2026-06-01 22:50:06 -0400
jbells,2019-11-17 23:26:12 +0100,2026-06-01 22:50:06 -0400
jbm8b,2020-02-04 22:47:28 +0100,2026-06-23 11:45:22 -0400
jbm8b_IT,2021-07-11 21:40:17 +0200,2026-06-23 11:45:22 -0400
jclock,2024-04-17 04:01:02 -0400,2026-06-01 22:50:06 -0400
jsonclock,2025-04-19 08:34:52 -0400,2026-06-01 22:50:06 -0400
jwalk,2025-06-22 16:51:48 +0200,2026-02-12 09:50:31 -0500
kanagsec,2023-05-07 20:14:03 +0200,2026-06-23 11:45:22 -0400
kanawatch,2022-06-15 10:41:45 +0200,2026-06-01 22:50:06 -0400
kbedgewrite,2024-10-21 15:45:46 +0100,2026-06-01 22:50:06 -0400
kbmatry,2023-06-10 11:14:04 -0400,2026-06-01 22:50:06 -0400
kbmorse,2022-05-09 20:55:31 +0200,2026-06-01 22:50:06 -0400
kbmulti,2022-05-05 21:16:06 +0100,2026-06-01 22:50:06 -0400
kbswipe,2022-04-05 16:49:19 +0100,2026-06-01 22:50:06 -0400
kbtouch,2022-04-05 16:49:19 +0100,2026-06-01 22:50:06 -0400
keytimer,2022-11-05 21:05:47 -0700,2026-08-18 17:26:23 -0500
kineticscroll,2023-07-22 21:46:10 +0200,2026-06-01 22:50:06 -0400
kitchen,2021-03-25 13:26:58 +0000,2026-06-23 11:45:22 -0400
lapcounter,2021-12-15 14:10:29 +0200,2026-06-01 22:50:06 -0400
largeclock,2020-05-03 21:12:28 +0200,2026-06-23 11:45:22 -0400
lato,2022-12-08 20:12:47 +0000,2026-06-23 11:45:22 -0400
launch,2020-01-17 11:43:26 +0000,2026-07-30 10:12:30 -0400
lazybones,2022-02-02 22:35:06 +0000,2026-02-12 09:50:31 -0500
lazyclock,2021-01-10 12:33:00 +0000,2026-06-01 22:50:06 -0400
lcars,2021-11-18 07:48:11 +0100,2026-08-22 08:34:20 +0200
lcdclock,2022-12-16 15:16:25 +0000,2026-06-01 22:50:06 -0400
lcdclockplus,2023-09-12 19:52:44 +0300,2026-06-01 22:50:06 -0400
legoremote,2023-02-08 09:30:07 +0000,2026-06-01 22:50:06 -0400
libqr,2025-09-17 16:04:01 +0100,2026-06-01 22:50:06 -0400
life,2020-06-03 17:19:02 +0100,2026-06-01 22:50:06 -0400
lifeclk,2021-01-19 21:16:16 +0100,2026-06-01 22:50:06 -0400
lightswitch,2022-01-20 10:21:29 +0100,2026-06-01 22:50:06 -0400
limelight,2022-01-06 21:39:23 +0000,2026-06-23 11:45:22 -0400
line_clock,2024-01-05 12:15:31 +0100,2026-06-27 15:00:58 +0200
line_dash,2026-06-27 14:54:00 +0200,2026-07-18 18:32:59 +0200
lint_exemptions.js,2024-03-04 21:34:17 +0100,2026-08-22 08:35:02 +0200
linuxclock,2022-09-28 21:12:18 +0200,2026-06-01 22:50:06 -0400
loadanim,2025-12-12 11:48:33 +0000,2026-07-03 10:36:34 +0100
loadingscreen,2023-05-18 11:01:06 +0100,2026-06-01 22:50:06 -0400
locale,2020-03-04 16:42:44 +0000,2026-06-18 20:50:26 +0300
longpressbuzz,2023-04-01 17:19:46 +0200,2025-09-13 08:25:17 +0100
ltherm,2021-12-15 05:33:07 -0500,2026-06-01 22:50:06 -0400
lunaclock,2023-07-27 14:51:03 -0500,2026-06-23 11:45:22 -0400
macwatch,2022-06-21 22:38:58 +0100,2026-06-01 22:50:06 -0400
macwatch2,2022-06-24 10:58:59 +0100,2026-06-01 22:50:06 -0400
magnav,2020-06-09 12:06:55 +0100,2026-06-01 22:50:06 -0400
mandel,2020-10-16 14:37:32 -0400,2026-06-01 22:50:06 -0400
mandelbrotclock,2021-12-04 10:20:49 +0000,2026-06-01 22:50:06 -0400
marioclock,2020-03-26 12:45:53 +0000,2026-06-01 22:50:06 -0400
matrixclock,2021-09-24 15:30:26 +0100,2026-06-23 11:45:22 -0400
mazeclock,2026-08-03 22:02:50 +0200,2026-08-03 22:09:56 +0200
mclock,2019-11-17 23:26:12 +0100,2026-06-01 22:50:06 -0400
mclockplus,2021-01-23 13:47:38 +0100,2026-06-01 22:50:06 -0400
measuretime,2024-06-22 21:33:11 +0200,2026-06-23 11:45:22 -0400
medicalinfo,2022-10-24 12:22:35 +0100,2026-06-01 22:50:06 -0400
megadenti,2022-04-06 11:30:20 +0100,2026-06-01 22:50:06 -0400
menusmall,2021-10-14 16:22:49 +0100,2026-06-01 22:50:06 -0400
menuwheel,2021-12-04 22:13:44 +0100,2026-06-01 22:50:06 -0400
meridian,2024-04-09 16:03:16 +0800,2026-03-30 18:48:28 +0200
meseeks,2025-10-20 18:39:53 -0500,2026-06-01 22:50:06 -0400
messagegui,2022-11-20 15:41:02 +0100,2026-07-27 18:54:13 -0500
messageicons,2022-11-16 15:17:28 +0000,2026-06-01 22:50:06 -0400
messagelist,2022-11-26 15:28:09 +0100,2026-06-01 22:50:06 -0400
messages,2021-10-22 11:47:23 +0100,2026-06-01 22:50:06 -0400
messages_light,2022-11-18 17:25:51 +0100,2026-06-01 22:50:06 -0400
messagesdebug,2022-12-21 16:04:46 +0100,2026-06-01 22:50:06 -0400
messagesmusic,2022-04-13 19:56:48 +0200,2025-09-13 08:25:17 +0100
messagesoverlay,2023-02-25 15:00:57 +0100,2026-06-22 22:14:51 +0200
metronome,2020-04-19 13:55:20 +0200,2026-06-01 22:50:06 -0400
miclock,2019-11-17 23:26:12 +0100,2026-06-01 22:50:06 -0400
miclock2,2020-06-13 08:15:43 +0200,2025-09-13 08:25:17 +0100
minimal_clock,2021-12-28 20:58:43 +0100,2026-06-01 22:50:06 -0400
minionclk,2020-04-04 14:14:01 +0200,2026-06-01 22:50:06 -0400
miplant,2020-05-12 11:05:07 +0100,2026-06-01 22:50:06 -0400
mitherm,2022-12-16 23:56:41 +0000,2026-06-01 22:50:06 -0400
mixdiganclock,2022-12-21 13:39:33 +0100,2026-06-01 22:50:06 -0400
mmind,2022-01-02 18:04:12 +0100,2026-06-01 22:50:06 -0400
mmonday,2019-11-17 23:26:12 +0100,2026-06-01 22:50:06 -0400
mmxclock,2025-09-03 21:54:35 +1000,2026-06-01 22:50:06 -0400
modclock,2025-06-19 10:43:17 -0400,2026-02-02 21:05:04 -0500
moonphase,2020-03-31 23:30:42 +0200,2026-06-01 22:50:06 -0400
morse,2019-11-17 23:26:12 +0100,2026-06-01 22:50:06 -0400
mosaic,2022-04-14 09:57:44 +0100,2026-06-01 22:50:06 -0400
msgtwscr,2025-01-11 21:16:23 +0100,2025-09-13 08:25:17 +0100
msgwakefup,2024-04-10 22:45:54 +0200,2025-09-13 08:25:17 +0100
mtgwatchface,2022-03-13 13:19:49 -0600,2026-06-01 22:50:06 -0400
mtnclock,2022-04-20 21:32:36 -0700,2026-06-01 22:50:06 -0400
multiclock,2020-06-23 09:26:25 +0100,2026-06-01 22:50:06 -0400
multidice,2023-02-09 19:17:21 -0500,2026-06-01 22:50:06 -0400
multitimer,2022-05-14 11:23:22 -0700,2026-06-01 22:50:06 -0400
mylocation,2021-11-26 20:25:28 +0000,2026-06-23 11:45:22 -0400
myprofile,2023-12-10 09:39:13 +0100,2026-05-06 00:36:25 +0200
mysticclock,2021-06-05 16:47:18 -0400,2026-06-01 22:50:06 -0400
mysticdock,2021-06-05 16:39:30 -0400,2026-06-01 22:50:06 -0400
mywelcome,2020-10-15 17:22:43 +0100,2026-06-01 22:50:06 -0400
nato,2020-04-09 18:29:49 -0500,2026-06-01 22:50:06 -0400
ncrclk,2020-11-02 19:57:24 +0100,2026-06-01 22:50:06 -0400
neonx,2022-02-14 12:13:50 +0200,2026-06-01 22:50:06 -0400
nesclock,2023-03-25 17:31:16 -0400,2026-06-23 11:45:22 -0400
nightwatch,2023-08-29 11:32:03 -0700,2026-06-23 11:45:22 -0400
nixie,2020-07-17 14:37:15 -0400,2026-06-01 22:50:06 -0400
nostt,2024-06-13 23:26:47 +0200,2026-02-12 09:50:31 -0500
notanalog,2022-01-21 17:05:52 +0100,2026-02-12 09:50:31 -0500
noteify,2022-04-03 22:46:04 -0700,2026-06-01 22:50:06 -0400
notify,2020-06-04 14:28:44 +0100,2026-08-31 15:59:38 +0100
notifyfs,2020-06-04 16:18:41 +0100,2026-06-01 22:50:06 -0400
novaclock,2022-06-13 21:14:09 +0200,2026-06-01 22:50:06 -0400
nrkclk,2026-09-01 19:14:00 +0200,2026-09-01 19:14:00 +0200
numberchaser,2022-09-22 16:28:20 -0400,2026-06-01 22:50:06 -0400
numerals,2020-04-10 22:32:09 +0200,2026-06-01 22:50:06 -0400
oblique,2021-02-03 22:56:23 -0600,2026-06-01 22:50:06 -0400
ohmcalc,2023-06-02 18:09:55 -0500,2026-06-01 22:50:06 -0400
omnitrix,2021-04-17 21:46:25 +0530,2026-02-12 09:50:31 -0500
onewordclock,2025-01-22 15:21:02 +0000,2026-06-01 22:50:06 -0400
openhaystack,2022-11-11 08:48:10 +0000,2026-06-01 22:50:06 -0400
openloc,2019-11-17 23:26:12 +0100,2026-06-01 22:50:06 -0400
openlocatebeacon,2024-08-19 13:51:28 -0400,2026-06-01 22:50:06 -0400
openseizure,2020-08-07 12:06:58 +0100,2026-06-01 22:50:06 -0400
openstmap,2020-04-07 21:41:57 +0100,2026-06-01 22:50:06 -0400
openwind,2022-02-22 22:32:22 -0500,2026-06-01 22:50:06 -0400
orloj,2023-08-17 21:56:49 +0200,2026-06-01 22:50:06 -0400
osgridref,2020-07-14 13:47:33 +0100,2026-06-01 22:50:06 -0400
osmpoi,2020-04-20 20:39:59 +0200,2026-06-01 22:50:06 -0400
owmweather,2022-06-16 17:23:02 +0200,2026-06-01 22:50:06 -0400
oxofocus,2023-09-28 18:34:22 +0100,2026-06-23 11:45:22 -0400
pace,2024-09-09 22:01:07 +0100,2026-01-01 12:25:37 +0000
pacer,2025-02-11 21:42:10 +0000,2026-06-01 22:50:06 -0400
palikkainen,2022-11-01 12:31:56 +0200,2026-06-01 22:50:06 -0400
pastel,2021-09-13 20:26:53 +0100,2026-06-23 11:45:22 -0400
patriotclk,2023-05-09 13:05:08 +0100,2026-06-01 22:50:06 -0400
pebble,2021-11-29 20:12:25 +0000,2026-06-23 11:45:22 -0400
pebbled,2021-12-15 22:36:31 +0300,2026-06-01 22:50:06 -0400
pebblepp,2023-05-11 12:38:51 +0100,2026-06-01 22:50:06 -0400
performance,2026-05-22 15:12:53 +0100,2026-06-01 22:50:06 -0400
petrock,2020-10-27 00:46:16 +0100,2026-06-01 22:50:06 -0400
phoneremind,2025-10-06 10:09:57 -0400,2025-10-16 10:56:08 -0400
phystrax,2024-04-03 11:21:54 -0400,2026-06-01 22:50:06 -0400
pie,2022-02-18 07:35:45 +0300,2026-06-01 22:50:06 -0400
pinsafe,2023-01-17 09:40:27 +0100,2026-06-01 22:50:06 -0400
pipboy,2020-02-15 23:41:58 +0100,2026-06-01 22:50:06 -0400
pisteinen,2022-11-02 12:59:37 +0200,2026-06-01 22:50:06 -0400
pizzatimer,2020-05-23 16:31:48 +0100,2026-06-23 11:45:22 -0400
planetarium,2021-01-28 13:34:39 +0100,2026-06-01 22:50:06 -0400
podadrem,2022-09-27 22:01:57 +0200,2025-12-19 16:18:32 +0000
poikkipuinen,2022-10-22 16:55:47 +0300,2026-06-01 22:50:06 -0400
pokeclk,2022-05-18 11:31:09 -0500,2026-06-01 22:50:06 -0400
pokertimer,2024-11-05 21:21:18 -0700,2026-06-01 22:50:06 -0400
pokewalk,2024-01-13 16:30:28 +0000,2026-06-23 11:45:22 -0400
polymath,2023-05-02 19:34:01 +0200,2026-06-01 22:50:06 -0400
pomodo,2019-11-26 17:27:19 +0100,2026-06-23 11:45:22 -0400
pomoplus,2022-11-02 12:06:17 -0700,2026-02-12 09:50:31 -0500
pong,2020-04-21 11:18:29 +0100,2026-06-01 22:50:06 -0400
pongclock,2022-05-20 17:53:50 +0200,2026-02-12 09:50:31 -0500
pooqroman,2021-12-02 11:27:53 -0800,2026-06-01 22:50:06 -0400
pooqround,2021-12-13 09:19:34 -0800,2026-06-01 22:50:06 -0400
popconlaunch,2023-04-24 22:29:17 +0100,2025-09-13 08:25:17 +0100
powermanager,2022-03-08 20:16:00 +0100,2026-06-01 22:50:06 -0400
poweroff,2021-11-30 08:24:43 +0100,2026-02-12 09:50:31 -0500
powersave,2022-09-24 17:08:57 -0400,2026-02-12 09:50:31 -0500
pparrot,2019-11-17 23:26:12 +0100,2026-06-01 22:50:06 -0400
presentation_timer,2022-07-02 14:43:03 +0200,2026-06-23 11:45:22 -0400
presentor,2021-12-26 17:14:08 +0100,2026-06-01 22:50:06 -0400
primetime,2022-10-09 21:01:24 +0100,2026-06-01 22:50:06 -0400
primetimelato,2022-11-05 00:27:49 +0000,2026-06-23 11:45:22 -0400
promenu,2021-12-20 07:29:32 -0800,2025-09-13 08:25:17 +0100
ptlaunch,2021-12-08 16:37:42 +0000,2026-06-01 22:50:06 -0400
purenumerals,2025-11-28 13:50:14 +0100,2026-06-30 15:07:21 +0200
pushups,2024-01-15 15:14:37 +0100,2026-06-23 11:45:22 -0400
puzzle15,2021-12-29 07:30:47 +0100,2026-06-01 22:50:06 -0400
qalarm,2021-10-27 18:54:06 +0200,2026-06-23 11:45:22 -0400
qcenter,2022-11-22 13:52:21 +0100,2026-06-01 22:50:06 -0400
qmsched,2021-03-25 23:25:04 +0100,2026-06-01 22:50:06 -0400
qrcode,2019-11-17 23:26:12 +0100,2026-06-01 22:50:06 -0400
qrconnect,2025-09-01 10:47:02 +0100,2026-06-01 22:50:06 -0400
quarterclock,2024-07-20 18:56:34 +0100,2026-06-01 22:50:06 -0400
quicklaunch,2022-03-25 17:56:26 -0700,2026-08-08 01:08:36 +0200
quoteclock,2024-01-04 19:16:42 +0100,2026-06-01 22:50:06 -0400
r2d2clk,2022-05-23 15:50:49 -0400,2026-06-01 22:50:06 -0400
random,2022-11-02 12:06:17 -0700,2026-06-01 22:50:06 -0400
ratchet_launch,2022-03-04 10:16:32 +0100,2026-06-26 08:59:24 +0100
rclock,2020-04-18 09:01:15 +0200,2026-06-23 11:45:22 -0400
rebble,2021-12-11 13:50:02 +0000,2026-06-23 11:45:22 -0400
rebbleagenda,2023-09-03 21:50:54 +0200,2026-06-01 22:50:06 -0400
recorder,2021-10-28 14:23:29 +0100,2026-06-19 14:49:55 +0100
red7game,2022-02-10 18:12:53 -0500,2026-06-23 11:45:22 -0400
regattatimer,2024-02-23 16:46:48 +0100,2026-06-01 22:50:06 -0400
rellotge,2024-01-31 00:57:34 +0100,2026-06-01 22:50:06 -0400
rep,2023-04-29 12:30:23 +0100,2026-01-01 12:33:30 +0000
reply,2024-06-21 18:44:44 +0100,2026-06-01 22:50:06 -0400
rescalc,2023-05-15 05:07:07 -0500,2026-06-01 22:50:06 -0400
rest,2024-04-10 22:00:41 +0200,2026-06-01 22:50:06 -0400
rgb,2022-06-04 01:32:28 +0200,2026-02-12 09:50:31 -0500
rings,2023-02-19 15:32:27 +0100,2026-06-23 11:45:22 -0400
rinkulainen,2022-10-18 18:44:24 +0300,2026-06-01 22:50:06 -0400
rndmclk,2020-05-12 23:10:14 +0200,2026-06-23 11:45:22 -0400
rolex,2022-02-15 09:17:28 +0000,2026-06-01 22:50:06 -0400
route,2019-11-17 23:26:12 +0100,2026-06-01 22:50:06 -0400
rpgdice,2020-04-03 10:22:14 +0200,2026-06-01 22:50:06 -0400
rpnsci,2022-11-02 12:06:17 -0700,2026-06-01 22:50:06 -0400
rtorch,2021-07-11 21:27:09 +0200,2026-06-23 11:45:22 -0400
run,2022-01-12 15:46:38 +0000,2026-06-01 22:50:06 -0400
rungps,2024-10-29 15:13:33 +0100,2026-06-01 22:50:06 -0400
runplus,2023-02-22 18:07:02 +0100,2026-01-18 21:06:48 +0000
ruuviwatch,2022-01-06 21:20:14 +0200,2026-06-01 22:50:06 -0400
s7clk,2021-05-26 21:06:48 +0100,2026-06-01 22:50:06 -0400
saclock,2022-09-17 16:31:42 +0200,2026-06-01 22:50:06 -0400
sched,2022-04-04 15:49:45 +0100,2026-08-17 14:08:10 -0500
schedclock,2025-09-21 15:01:57 -0500,2025-12-17 22:01:29 -0600
schoolCalendar,2021-10-04 15:57:53 -0700,2026-06-01 22:50:06 -0400
scicalc,2022-04-28 19:38:34 -0400,2026-06-01 22:50:06 -0400
sclock,2019-11-17 23:26:12 +0100,2026-06-01 22:50:06 -0400
scolor,2019-11-17 23:26:12 +0100,2026-06-01 22:50:06 -0400
score,2021-10-10 22:08:20 +0200,2026-06-01 22:50:06 -0400
scribble,2021-12-07 17:48:39 +0000,2026-02-12 09:50:31 -0500
scrolly,2024-11-08 08:24:04 +0000,2025-09-13 08:25:17 +0100
seiko-5actus,2022-03-16 08:55:02 +1300,2026-06-23 11:45:22 -0400
sensible,2021-11-29 21:31:53 -0500,2026-06-01 22:50:06 -0400
sensortools,2022-09-22 19:36:37 +0200,2026-06-01 22:50:06 -0400
setting,2019-11-17 23:26:12 +0100,2026-06-01 22:50:06 -0400
sevenmin,2022-11-17 02:27:08 +0100,2025-09-13 08:25:17 +0100
shadowclk,2023-05-02 13:01:44 -0500,2026-02-12 09:50:31 -0500
shortcuts,2021-09-13 15:08:28 -0400,2026-06-23 11:45:22 -0400
showimg,2021-12-15 09:55:29 +0100,2026-06-01 22:50:06 -0400
shownearby,2022-07-21 15:10:11 +0100,2026-06-01 22:50:06 -0400
simple_clock,2021-12-29 06:52:39 +0100,2026-06-01 22:50:06 -0400
simplebgclock,2024-10-09 14:54:57 +0100,2026-06-01 22:50:06 -0400
simplemusic,2025-06-04 21:17:02 -0400,2026-06-01 22:50:06 -0400
simplest,2021-03-06 12:29:47 +0000,2026-06-23 11:45:22 -0400
simplestpp,2022-12-06 23:12:14 +0000,2026-06-23 11:45:22 -0400
simpletimer,2020-05-04 08:29:12 +0100,2026-06-01 22:50:06 -0400
sixths,2023-08-01 22:27:18 +0200,2026-06-01 22:50:06 -0400
skyspy,2023-11-05 19:01:59 +0100,2026-06-01 22:50:06 -0400
slash,2021-12-31 16:08:55 -1000,2026-06-01 22:50:06 -0400
sleeplog,2022-02-11 09:29:02 +0100,2026-06-01 22:50:06 -0400
sleeplogalarm,2022-09-12 23:09:33 +0200,2026-06-01 22:50:06 -0400
sleepphasealarm,2020-05-27 07:50:48 +0200,2025-09-13 08:25:17 +0100
sleepsummary,2025-09-14 20:34:45 -0400,2026-05-10 19:10:29 -0400
slevel,2019-11-17 23:26:12 +0100,2026-06-01 22:50:06 -0400
slidingtext,2021-02-17 01:07:30 +0000,2026-06-23 11:45:22 -0400
slimehunt,2021-12-20 18:48:16 -0500,2026-06-01 22:50:06 -0400
slomoclock,2021-10-23 21:27:58 +1300,2026-06-01 22:50:06 -0400
slopeclock,2022-11-01 16:11:51 +0000,2026-06-01 22:50:06 -0400
slopeclockpp,2022-11-02 19:42:50 +0100,2026-06-01 22:50:06 -0400
slpquiet,2024-03-13 22:29:08 +0100,2026-06-01 22:50:06 -0400
smartbatt,2025-07-23 15:59:48 -0400,2025-11-24 21:00:41 -0500
smartibot,2020-11-06 12:02:49 +0000,2026-06-01 22:50:06 -0400
smclock,2022-02-22 15:37:37 +0100,2026-06-01 22:50:06 -0400
smpltmr,2022-03-08 19:03:23 +0100,2026-06-01 22:50:06 -0400
smtswch,2020-04-30 22:23:34 +0100,2026-06-23 11:45:22 -0400
snake,2020-04-14 09:08:26 +0200,2026-06-01 22:50:06 -0400
snaky,2021-12-13 01:02:57 +0100,2026-06-01 22:50:06 -0400
snek,2021-12-03 19:27:42 -0500,2026-06-01 22:50:06 -0400
snepwatch,2023-07-24 15:59:21 +1200,2026-06-01 22:50:06 -0400
sokoban,2023-07-28 07:46:26 +0200,2026-06-01 22:50:06 -0400
solarclock,2021-07-17 21:04:04 +0100,2026-06-23 11:45:22 -0400
sonicclk,2022-01-04 13:39:50 +1000,2026-06-01 22:50:06 -0400
spaceclock,2022-12-20 21:10:51 +0100,2026-06-01 22:50:06 -0400
spacer,2024-11-27 21:45:54 +0100,2026-06-01 22:50:06 -0400
spacew,2023-08-18 14:17:53 +0200,2026-06-01 22:50:06 -0400
speedalt,2021-01-21 15:30:04 +1300,2026-06-01 22:50:06 -0400
speedalt2,2021-10-19 14:02:29 +1300,2026-06-01 22:50:06 -0400
speedo,2019-11-17 23:26:12 +0100,2026-06-01 22:50:06 -0400
splitsw,2024-07-08 19:00:00 +0100,2026-02-12 09:50:31 -0500
sportmode,2023-12-30 09:26:54 +0100,2025-09-13 08:25:17 +0100
spotrem,2022-09-19 20:31:25 +0200,2025-12-19 16:18:32 +0000
stacker,2023-07-28 21:13:48 -0500,2026-06-23 11:45:22 -0400
stardateclock,2022-04-02 02:57:24 +0200,2026-06-01 22:50:06 -0400
stepo,2021-03-06 12:29:47 +0000,2026-06-23 11:45:22 -0400
stetho,2020-01-19 16:20:20 -0800,2026-06-23 11:45:22 -0400
stlap,2022-11-02 12:06:17 -0700,2026-06-01 22:50:06 -0400
stlapview,2022-11-02 12:06:17 -0700,2026-06-01 22:50:06 -0400
stopwatch,2020-04-09 18:12:36 +0200,2026-06-23 11:45:22 -0400
storageanalyzer,2025-07-09 08:18:15 +0100,2026-06-01 22:50:06 -0400
stormwatch,2026-08-03 21:24:54 +0200,2026-08-06 14:48:16 +0200
stressless,2024-01-03 10:52:30 +0100,2026-06-01 22:50:06 -0400
sudoku,2024-10-29 14:50:06 +0000,2026-06-01 22:50:06 -0400
sunclock,2022-03-15 09:16:02 +0100,2026-06-01 22:50:06 -0400
sunrise,2023-06-09 14:33:17 +0200,2026-06-01 22:50:06 -0400
supaclk,2024-05-30 15:13:42 +0200,2026-06-01 22:50:06 -0400
supf,2021-12-22 00:25:01 +0100,2026-06-01 22:50:06 -0400
supmariodark,2020-11-19 20:02:27 +0000,2026-06-01 22:50:06 -0400
svclock,2020-06-28 21:04:16 +0200,2026-06-01 22:50:06 -0400
swatch,2019-11-17 23:26:12 +0100,2026-06-01 22:50:06 -0400
sweepclock,2021-03-06 20:43:16 +0000,2026-06-23 11:45:22 -0400
swipeinv,2024-02-27 08:13:21 +0100,2025-09-13 08:25:17 +0100
swiperclocklaunch,2021-10-22 16:56:20 +0200,2026-06-23 11:45:22 -0400
swlclk,2020-12-02 16:02:55 +0000,2026-06-01 22:50:06 -0400
swp2clk,2021-12-21 21:46:30 +0000,2026-06-01 22:50:06 -0400
swscroll,2022-09-21 23:03:21 +0200,2025-09-13 08:25:17 +0100
synthwave,2024-01-16 23:21:37 +0000,2026-06-23 11:45:22 -0400
tabanchi,2022-05-06 19:29:40 +0200,2026-02-12 09:50:31 -0500
tabata,2020-04-07 23:03:30 +0200,2026-06-23 11:45:22 -0400
taglaunch,2022-11-18 19:05:23 +0100,2025-12-15 21:31:11 -0500
tally,2025-04-28 12:22:42 +0100,2026-08-15 18:13:46 -0400
tapelauncher,2021-01-29 20:27:53 +0000,2026-06-23 11:45:22 -0400
tapkb,2022-04-24 00:46:21 -0700,2026-06-01 22:50:06 -0400
teatimer,2021-12-27 16:38:12 +0100,2026-06-01 22:50:06 -0400
tempgraph,2023-02-03 11:18:27 +1300,2026-06-01 22:50:06 -0400
tempmonitor,2022-12-15 13:02:10 +0100,2026-06-01 22:50:06 -0400
tennisscores,2026-08-16 14:14:28 +0300,2026-08-17 08:59:59 +0300
terminal,2024-01-22 14:39:04 +0000,2026-06-01 22:50:06 -0400
terminalclock,2022-02-13 16:21:46 +0100,2026-06-01 22:50:06 -0400
testuserinput,2021-02-09 08:32:06 +0000,2026-06-01 22:50:06 -0400
tetris,2022-11-25 20:06:29 -0500,2026-06-01 22:50:06 -0400
tevtimer,2025-01-31 19:15:03 -0600,2026-08-20 20:19:14 -0500
textfacts,2024-10-09 14:51:49 +0100,2026-06-01 22:50:06 -0400
textreader,2025-01-23 18:41:53 +0000,2026-06-01 22:50:06 -0400
themes,2025-01-22 11:52:03 +0000,2026-06-01 22:50:06 -0400
themesetter,2021-12-30 11:01:01 +0100,2026-06-01 22:50:06 -0400
thering,2022-02-21 20:11:54 +0000,2026-06-23 11:45:22 -0400
thermom,2021-06-14 16:41:09 +0100,2026-06-01 22:50:06 -0400
thermomF,2021-07-22 09:34:03 -0700,2026-06-01 22:50:06 -0400
thmswtch,2024-03-13 22:30:18 +0100,2026-06-01 22:50:06 -0400
thunder,2024-04-06 13:16:20 +0100,2026-06-01 22:50:06 -0400
tictactoe,2022-12-31 18:13:48 -0800,2026-06-01 22:50:06 -0400
tidetimes,2025-10-02 13:09:36 +0100,2025-10-02 13:18:21 +0100
tileclk,2025-06-14 13:34:16 -0500,2026-06-01 22:50:06 -0400
tilthydro,2020-11-18 10:11:24 +0000,2026-06-01 22:50:06 -0400
timeandlife,2021-12-27 14:33:53 -0500,2026-06-01 22:50:06 -0400
timecal,2021-11-24 10:43:38 +0000,2026-06-01 22:50:06 -0400
timerclk,2022-01-21 11:46:13 +0100,2026-06-23 11:45:22 -0400
timestamplog,2024-05-10 20:21:36 -0500,2026-06-01 22:50:06 -0400
tinyVario,2022-05-30 20:00:34 +0200,2026-06-01 22:50:06 -0400
tinycmc,2023-04-01 16:47:54 +0200,2026-06-23 11:45:22 -0400
tinydraw,2022-01-01 19:47:43 +0100,2026-06-01 22:50:06 -0400
tinyheads,2024-09-15 11:20:17 +0100,2026-06-01 22:50:06 -0400
todolist,2022-03-13 16:52:39 +0100,2026-06-01 22:50:06 -0400
torch,2020-03-03 15:59:00 +0000,2026-06-01 22:50:06 -0400
toucher,2020-04-02 18:36:19 +0000,2026-06-01 22:50:06 -0400
touchmenu,2022-01-03 19:52:34 -0500,2026-06-01 22:50:06 -0400
touchtimer,2021-12-22 22:28:51 +0000,2026-06-01 22:50:06 -0400
trail,2024-08-28 23:29:03 +0200,2026-06-01 22:50:06 -0400
trex,2019-11-17 23:26:12 +0100,2026-06-01 22:50:06 -0400
truetime,2026-07-27 23:21:06 +0200,2026-07-28 13:05:41 +0200
tvremote,2024-08-26 09:04:57 +0100,2026-06-01 22:50:06 -0400
twenties,2022-09-23 08:12:39 -0700,2026-08-07 11:46:02 +0200
twentyeightbysix,2023-10-29 18:06:12 -0400,2026-06-23 11:45:22 -0400
twotwoclock,2024-05-03 11:31:33 +0100,2026-06-01 22:50:06 -0400
txtreader,2025-02-04 18:56:20 +0100,2026-01-06 21:58:46 +0100
ultrainfo,2026-02-09 15:46:11 -0500,2026-05-27 17:21:14 -0400
umpire,2025-04-17 13:11:19 +0100,2026-06-01 22:50:06 -0400
usgs,2023-08-06 14:33:20 -0400,2026-02-12 09:50:31 -0500
vectorclock,2021-09-13 11:14:12 -0400,2026-06-23 11:45:22 -0400
vernierrespirate,2021-10-21 14:49:51 +0100,2026-06-01 22:50:06 -0400
verticalface,2020-05-27 13:58:47 +1000,2026-06-01 22:50:06 -0400
vibrclock,2020-09-23 08:44:58 +0100,2026-06-01 22:50:06 -0400
viewstl,2020-08-13 13:54:33 -0400,2026-06-01 22:50:06 -0400
voldisp,2025-03-19 23:18:54 +0100,2025-09-13 08:25:17 +0100
vpw_clock,2024-03-24 15:19:32 +0100,2026-06-01 22:50:06 -0400
walkersclock,2021-02-11 20:20:57 +0000,2026-06-23 11:45:22 -0400
warpdrive,2024-01-14 17:04:17 +0000,2026-06-23 11:45:22 -0400
waternet,2023-09-07 04:46:57 +0200,2026-06-01 22:50:06 -0400
waveclk,2021-09-23 11:42:58 +0100,2026-06-01 22:50:06 -0400
waypointer,2021-02-25 19:51:35 +0000,2026-06-23 11:45:22 -0400
waypoints,2022-07-26 16:14:04 +0100,2026-06-01 22:50:06 -0400
wclock,2019-11-17 23:26:12 +0100,2026-06-01 22:50:06 -0400
weather,2020-04-21 23:18:21 +0200,2026-06-01 22:52:21 -0400
weatherClock,2021-12-04 20:33:43 -0500,2026-06-23 11:45:22 -0400
webaisummit,2025-09-17 16:27:53 +0100,2026-06-01 22:50:06 -0400
welcome,2020-02-13 08:18:32 +0000,2026-06-01 22:50:06 -0400
whereworld,2021-04-15 17:34:14 +0100,2026-06-01 22:50:06 -0400
widChargingStatus,2021-12-04 20:30:13 +0100,2026-06-01 22:50:06 -0400
wid_a_battery_widget,2021-11-21 12:29:10 +0900,2026-06-01 22:50:06 -0400
wid_edit,2022-01-15 18:16:48 +0100,2026-02-12 09:50:31 -0500
widadjust,2022-02-25 17:51:31 +0200,2026-06-01 22:52:21 -0400
widagps,2022-07-07 23:52:45 +0200,2026-06-01 22:50:06 -0400
widalarm,2022-12-06 10:25:32 +0000,2026-06-01 22:50:06 -0400
widalarmeta,2022-05-03 07:25:20 +0200,2026-05-20 19:54:32 +0100
widalt,2022-08-02 09:27:26 +0200,2026-06-01 22:50:06 -0400
widanclk,2022-11-11 09:58:13 +0000,2026-06-01 22:50:06 -0400
widapplebatt,2026-08-07 12:44:57 -0400,2026-08-07 12:44:57 -0400
widbaroalarm,2022-03-07 17:59:18 +0100,2026-06-01 22:50:06 -0400
widbars,2021-11-30 20:40:33 +0100,2026-06-01 22:50:06 -0400
widbat,2020-02-28 11:44:25 +0000,2026-06-01 22:50:06 -0400
widbata,2021-12-05 11:39:21 +0000,2026-06-23 11:45:22 -0400
widbatc,2023-04-16 17:01:30 +0100,2026-06-23 11:45:22 -0400
widbatpc,2020-04-02 08:34:47 +0100,2026-06-01 22:50:06 -0400
widbattpwr,2024-07-03 18:23:12 +0100,2026-05-20 19:54:32 +0100
widbatv,2021-10-22 08:52:05 +0100,2026-06-01 22:50:06 -0400
widbatwarn,2020-07-20 21:57:09 +0200,2026-06-01 22:50:06 -0400
widbgjs,2023-01-08 12:31:19 +0100,2026-06-23 11:45:22 -0400
widbt,2020-02-28 11:44:25 +0000,2026-06-01 22:50:06 -0400
widbt_notify,2022-03-29 14:32:33 +0200,2026-06-01 22:50:06 -0400
widbthide,2022-05-18 19:09:23 +0200,2026-06-01 22:50:06 -0400
widbtstates,2023-03-06 12:14:56 +0000,2026-01-25 13:13:05 +0000
widcal,2022-02-13 18:18:02 +0100,2026-06-01 22:50:06 -0400
widcasiologo,2023-09-12 20:09:35 +0300,2026-06-01 22:50:06 -0400
widchime,2021-03-20 20:53:53 +0100,2026-06-01 22:50:06 -0400
widclk,2020-02-28 11:44:25 +0000,2026-06-01 22:50:06 -0400
widclkbttm,2021-09-14 13:06:18 +0200,2026-06-01 22:50:06 -0400
widclkinfo,2023-05-10 12:06:54 +0100,2026-06-01 22:50:06 -0400
widclkscrl,2023-07-25 20:00:26 +0200,2025-09-13 08:25:17 +0100
widclose,2022-03-15 19:36:18 +0100,2026-06-01 22:50:06 -0400
widcloselaunch,2022-09-22 19:59:21 +0200,2026-06-01 22:50:06 -0400
widcom,2021-02-23 22:18:09 +0000,2026-06-23 11:45:22 -0400
widcw,2022-02-23 20:50:45 +0100,2026-06-01 22:50:06 -0400
widday,2022-05-26 18:30:12 +0200,2026-06-01 22:50:06 -0400
widdevst,2023-02-19 12:53:07 +0100,2026-06-23 11:45:22 -0400
widdst,2022-07-10 19:13:46 +0100,2026-06-01 22:50:06 -0400
widgps,2021-02-12 20:34:10 +0000,2026-06-23 11:45:22 -0400
widhid,2023-05-08 13:04:30 +0100,2025-09-13 08:25:17 +0100
widhr,2023-09-09 21:28:58 +0200,2026-06-01 22:50:06 -0400
widhrm,2020-02-28 11:44:25 +0000,2026-06-01 22:50:06 -0400
widhrmadv,2026-01-12 20:51:42 +0000,2026-01-18 20:56:40 +0000
widhrt,2021-02-12 20:34:10 +0000,2026-06-23 11:45:22 -0400
widhrtplus,2023-09-18 21:58:08 +0100,2026-06-23 11:45:22 -0400
widhrzone,2023-11-14 19:32:26 +0100,2025-09-13 08:25:17 +0100
widhwbttm,2022-12-14 21:59:50 +0100,2026-06-01 22:50:06 -0400
widhwt,2020-04-01 22:23:33 +0200,2026-06-01 22:50:06 -0400
widid,2020-03-04 20:59:27 +0100,2026-06-01 22:50:06 -0400
widlock,2021-05-26 16:21:52 +0100,2026-06-01 22:50:06 -0400
widlockunlock,2022-11-30 09:55:02 +0000,2026-06-01 22:50:06 -0400
widmeda,2022-08-25 21:16:43 +0100,2026-02-12 09:50:31 -0500
widmessages,2022-11-20 15:41:02 +0100,2026-06-01 22:50:06 -0400
widminbat,2022-07-07 11:54:41 +0200,2026-06-01 22:50:06 -0400
widminbate,2023-09-27 02:08:25 +0200,2026-04-29 14:17:41 +0200
widminbt,2022-07-07 12:52:35 +0200,2026-06-01 22:50:06 -0400
widmnth,2022-03-08 20:45:19 -0700,2026-06-01 22:50:06 -0400
widmp,2020-04-03 13:13:14 +0200,2026-06-01 22:50:06 -0400
widmpsh,2021-12-09 23:34:52 +1100,2026-06-01 22:50:06 -0400
widmsggrid,2022-10-21 17:32:53 +0200,2026-06-01 22:50:06 -0400
widnceu,2020-02-28 11:44:25 +0000,2026-06-01 22:50:06 -0400
widncr,2020-11-02 19:57:24 +0100,2026-06-01 22:50:06 -0400
widpa,2022-01-12 22:45:42 +0000,2026-06-23 11:45:22 -0400
widpb,2022-01-12 22:45:42 +0000,2026-06-23 11:45:22 -0400
widpedom,2020-02-28 12:18:19 +0000,2026-06-01 22:50:06 -0400
widram,2020-04-15 14:31:45 +0100,2026-06-01 22:50:06 -0400
widscrlock,2022-06-25 18:42:20 +1200,2026-06-01 22:50:06 -0400
widshipbell,2022-05-28 08:50:12 +0200,2025-09-13 08:25:17 +0100
widsleepstatus,2022-11-15 11:59:46 +0100,2026-06-01 22:50:06 -0400
widslimbat,2022-05-08 21:33:38 +0200,2026-06-01 22:50:06 -0400
widsmartbatt,2025-07-11 19:56:43 -0400,2025-10-30 20:43:22 -0400
widstep,2022-04-19 13:22:53 +0100,2026-06-01 22:50:06 -0400
widswatchbeats,2023-06-13 22:02:03 +0100,2026-06-01 22:50:06 -0400
widtbat,2020-03-31 20:22:56 +0200,2026-06-01 22:50:06 -0400
widtemp,2023-04-10 18:01:59 +0200,2026-06-23 11:45:22 -0400
widtimer,2025-05-25 22:07:13 +0200,2026-06-01 22:50:06 -0400
widver,2020-03-29 18:52:10 +0200,2026-06-01 22:50:06 -0400
widviz,2020-05-19 15:25:21 +0100,2026-06-01 22:50:06 -0400
widviztime,2021-12-22 20:53:37 +0100,2026-06-01 22:50:06 -0400
wohrm,2020-02-16 09:42:39 +0100,2026-06-23 11:45:22 -0400
workouts,2026-02-26 11:36:35 -0500,2026-08-26 13:14:32 -0400
worldclkinfo,2025-06-19 15:49:26 -0400,2025-10-31 16:55:56 +0800
worldclock,2020-08-23 23:49:08 +0100,2026-06-01 22:50:06 -0400
wpmoto,2022-01-22 22:21:51 +0000,2026-06-01 22:50:06 -0400
wristlight,2022-06-10 16:34:27 +0200,2026-06-01 22:50:06 -0400
wrkmem,2023-06-12 22:25:18 -0400,2026-06-01 22:50:06 -0400
xxlmessage,2023-04-21 11:38:27 +0100,2026-06-01 22:50:06 -0400
zambretti,2025-05-04 09:50:27 +0200,2025-09-13 08:25:17 +0100
